city,country,dst_warsaw_km,co2_kg,percentile,percent_total_co2_kg,cum_co2_kg,percent_cum_total_co2_kg,model_set
Warsaw, Poland,0.0,0.0,0.0,0.0,0.0,0.0,Pessimistic
Warsaw, Poland,0.0,0.0,0.004524886877828055,0.0,0.0,0.0,Pessimistic
Warsaw, Poland,0.0,0.0,0.00904977375565611,0.0,0.0,0.0,Pessimistic
Warsaw, Poland,0.0,0.0,0.013574660633484163,0.0,0.0,0.0,Pessimistic
Warsaw, Poland,0.0,0.0,0.01809954751131222,0.0,0.0,0.0,Pessimistic
Warsaw, Poland,0.0,0.0,0.02262443438914027,0.0,0.0,0.0,Pessimistic
Warsaw, Poland,0.0,0.0,0.027149321266968326,0.0,0.0,0.0,Pessimistic
Warsaw, Poland,0.0,0.0,0.03167420814479638,0.0,0.0,0.0,Pessimistic
Warsaw, Poland,0.0,0.0,0.03619909502262444,0.0,0.0,0.0,Pessimistic
Warsaw, Poland,0.0,0.0,0.04072398190045249,0.0,0.0,0.0,Pessimistic
Warsaw, Poland,0.0,0.0,0.04524886877828054,0.0,0.0,0.0,Pessimistic
Warsaw, Poland,0.0,0.0,0.049773755656108594,0.0,0.0,0.0,Pessimistic
Warsaw, Poland,0.0,0.0,0.05429864253393665,0.0,0.0,0.0,Pessimistic
Warsaw, Poland,0.0,0.0,0.058823529411764705,0.0,0.0,0.0,Pessimistic
Warsaw, Poland,0.0,0.0,0.06334841628959276,0.0,0.0,0.0,Pessimistic
Nałęczów, Poland,267.87,8.009,0.06787330316742081,3.740284996173411e-05,8.009,3.740284996173411e-05,Pessimistic
Lublin, Poland,306.5535,9.166,0.07239819004524888,4.280615841543949e-05,17.175,8.02090083771736e-05,Pessimistic
Lublin, Poland,306.5535,9.166,0.07692307692307693,4.280615841543949e-05,26.341,0.0001230151667926131,Pessimistic
Amsterdam, Poland,306.685,9.17,0.08144796380090498,4.282483882495964e-05,35.511,0.00016584000561757273,Pessimistic
Białystok, Poland,352.556,10.541,0.08597285067873303,4.9227549187993416e-05,46.05200000000001,0.00021506755480556617,Pessimistic
Toruń, Poland,368.969,11.032,0.09049773755656108,5.1520569456592674e-05,57.084,0.00026658812426215883,Pessimistic
Częstochowa, Poland,410.293,12.268,0.09502262443438914,5.729281599832115e-05,69.352,0.00032388094026047996,Pessimistic
Częstochowa, Poland,410.293,12.268,0.09954751131221719,5.729281599832115e-05,81.62,0.00038117375625880114,Pessimistic
Krakow, Poland,505.9191666666666,15.127,0.10407239819004525,7.064463870285328e-05,96.747,0.0004518183949616544,Pessimistic
Krakow, Poland,505.9191666666666,15.127,0.1085972850678733,7.064463870285328e-05,111.874,0.0005224630336645076,Pessimistic
Krakow, Poland,505.9191666666666,15.127,0.11312217194570136,7.064463870285328e-05,127.00099999999999,0.0005931076723673608,Pessimistic
Krakow, Poland,505.9191666666666,15.127,0.11764705882352941,7.064463870285328e-05,142.128,0.0006637523110702142,Pessimistic
Krakow, Poland,505.9191666666666,15.127,0.12217194570135746,7.064463870285328e-05,157.255,0.0007343969497730675,Pessimistic
Krakow, Poland,505.9191666666666,15.127,0.12669683257918551,7.064463870285328e-05,172.382,0.0008050415884759208,Pessimistic
Krakow, Poland,505.9191666666666,15.127,0.13122171945701358,7.064463870285328e-05,187.50900000000001,0.0008756862271787741,Pessimistic
Krakow, Poland,505.9191666666666,15.127,0.13574660633484162,7.064463870285328e-05,202.63600000000002,0.0009463308658816275,Pessimistic
Krakow, Poland,505.9191666666666,15.127,0.14027149321266968,7.064463870285328e-05,217.76300000000003,0.0010169755045844808,Pessimistic
Krakow, Poland,505.9191666666666,15.127,0.14479638009049775,7.064463870285328e-05,232.89000000000004,0.0010876201432873341,Pessimistic
Krakow, Poland,505.9191666666666,15.127,0.1493212669683258,7.064463870285328e-05,248.01700000000005,0.0011582647819901874,Pessimistic
Krakow, Poland,505.9191666666666,15.127,0.15384615384615385,7.064463870285328e-05,263.14400000000006,0.0012289094206930408,Pessimistic
Poznań, Poland,556.807,16.649,0.1583710407239819,7.775253452527297e-05,279.79300000000006,0.0013066619552183137,Pessimistic
Gdańsk, Poland,569.256,17.021,0.16289592760180996,7.948981261064756e-05,296.8140000000001,0.0013861517678289614,Pessimistic
Wrocław, Poland,607.394,18.161,0.167420814479638,8.481372932389227e-05,314.9750000000001,0.0014709654971528537,Pessimistic
Miskolc, Hungary,918.743,27.47,0.17194570135746606,0.00012828771237967737,342.44500000000005,0.0015992532095325308,Pessimistic
Prague, Czechia,1034.387,259.939,0.17647058823529413,0.0012139417425650148,602.384,0.0028131949520975455,Pessimistic
Berlin, Germany,1035.7253333333333,260.1943333333333,0.18099547511312217,0.001215134175372718,862.5783333333334,0.004028329127470263,Pessimistic
Berlin, Germany,1035.7253333333333,260.1943333333333,0.18552036199095023,0.001215134175372718,1122.7726666666667,0.005243463302842982,Pessimistic
Berlin, Germany,1035.7253333333333,260.1943333333333,0.19004524886877827,0.001215134175372718,1382.967,0.0064585974782157,Pessimistic
Potsdam, Germany,1080.56,268.757,0.19457013574660634,0.0012551227053522005,1651.7240000000002,0.007713720183567901,Pessimistic
Budapest, Hungary,1089.672,270.498,0.19909502262443438,0.0012632533535958488,1922.2220000000002,0.00897697353716375,Pessimistic
Budapest, Hungary,1089.672,270.498,0.20361990950226244,0.0012632533535958488,2192.7200000000003,0.0102402268907596,Pessimistic
Magdeburg, Germany,1276.562,306.192,0.2081447963800905,0.0014299479879489687,2498.9120000000003,0.011670174878708568,Pessimistic
Amsterdam, Germany,1279.365,306.727,0.21266968325791855,0.0014324464927222896,2805.639,0.013102621371430857,Pessimistic
Passau, Germany,1342.54,318.793,0.2171945701357466,0.001488795948039843,3124.4320000000002,0.0145914173194707,Pessimistic
Hamburg, Germany,1503.946,349.62,0.22171945701357465,0.001632761194109312,3474.052,0.01622417851358001,Pessimistic
Hamburg, Germany,1503.946,349.62,0.22624434389140272,0.001632761194109312,3823.672,0.017856939707689323,Pessimistic
Erlangen, Germany,1518.323,352.366,0.23076923076923078,0.0016455852952448997,4176.0380000000005,0.019502525002934226,Pessimistic
Linköping, Sweden,1532.287,355.033,0.23529411764705882,0.0016580404582924643,4531.071000000001,0.02116056546122669,Pessimistic
Hot Little India, Sweden,1623.216,372.399,0.2398190045248869,0.0017391414562242253,4903.470000000001,0.022899706917450916,Pessimistic
Dr. med. Dorette Poland, Germany,1626.822,373.088,0.24434389140271492,0.0017423591567640724,5276.558000000001,0.02464206607421499,Pessimistic
Flensburg, Germany,1630.115,373.717,0.248868778280543,0.001745296651161117,5650.275000000001,0.026387362725376104,Pessimistic
Kista, Sweden,1639.653,375.538,0.25339366515837103,0.0017538009075951685,6025.813,0.02814116363297127,Pessimistic
Gilching, Germany,1657.161,378.882,0.2579185520361991,0.0017694177299540197,6404.695,0.02991058136292529,Pessimistic
Innsbruck, Austria,1766.245,399.716,0.26244343891402716,0.0018667146429397568,6804.411,0.03177729600586505,Pessimistic
Darmstadt, Germany,1802.5966,406.6592,0.2669683257918552,0.001899140097784845,7211.0702,0.03367643610364989,Pessimistic
Darmstadt, Germany,1802.5966,406.6592,0.27149321266968324,0.001899140097784845,7617.7294,0.035575576201434735,Pessimistic
Darmstadt, Germany,1802.5966,406.6592,0.27601809954751133,0.001899140097784845,8024.3886,0.037474716299219585,Pessimistic
Darmstadt, Germany,1802.5966,406.6592,0.28054298642533937,0.001899140097784845,8431.0478,0.03937385639700443,Pessimistic
Darmstadt, Germany,1802.5966,406.6592,0.2850678733031674,0.001899140097784845,8837.707,0.04127299649478927,Pessimistic
Mainz, Germany,1842.405,414.262,0.2895927601809955,0.0019346459521598072,9251.969000000001,0.043207642446949086,Pessimistic
Karlstad, Sweden,1843.311,414.435,0.29411764705882354,0.001935453879871554,9666.404,0.045143096326820634,Pessimistic
Dortmund, Germany,1863.402,418.272,0.2986425339366516,0.0019533730627037645,10084.676000000001,0.0470964693895244,Pessimistic
Hagen, Germany,1868.772,419.298,0.3031674208144796,0.0019581645877456847,10503.974000000002,0.04905463397727009,Pessimistic
Bochum, Germany,1898.148,424.908,0.3076923076923077,0.0019843638620977047,10928.882000000001,0.05103899783936779,Pessimistic
Karlsruhe, Germany,1914.332,427.286,0.31221719457013575,0.001995469365557438,11356.168000000001,0.05303446720492523,Pessimistic
Karlsruhe, Germany,1914.332,427.286,0.3167420814479638,0.001995469365557438,11783.454000000002,0.05502993657048267,Pessimistic
Karlsruhe, Germany,1914.332,427.286,0.3212669683257919,0.001995469365557438,12210.740000000002,0.05702540593604011,Pessimistic
Grenoble, Germany,1946.368,431.016,0.3257918552036199,0.0020128888474349846,12641.756000000001,0.05903829478347509,Pessimistic
Reykjavikstraße, Germany,1953.415,431.837,0.33031674208144796,0.0020167230014889966,13073.593,0.06105501778496408,Pessimistic
Jülich, Germany,2041.37575,442.079,0.334841628959276,0.002064554190065358,13515.672,0.06311957197502945,Pessimistic
Jülich, Germany,2041.37575,442.079,0.3393665158371041,0.002064554190065358,13957.751,0.0651841261650948,Pessimistic
Jülich, Germany,2041.37575,442.079,0.3438914027149321,0.002064554190065358,14399.83,0.06724868035516016,Pessimistic
Jülich, Germany,2041.37575,442.079,0.34841628959276016,0.002064554190065358,14841.909,0.06931323454522552,Pessimistic
Nijmegen, Netherlands,2069.476,445.351,0.35294117647058826,0.0020798347650528466,15287.26,0.07139306931027836,Pessimistic
Zurich, Switzerland,2085.9125,447.265,0.3574660633484163,0.0020887733410082415,15734.525,0.0734818426512866,Pessimistic
Zurich, Switzerland,2085.9125,447.265,0.36199095022624433,0.0020887733410082415,16181.789999999999,0.07557061599229484,Pessimistic
Aachen, Germany,2087.1033333333335,447.40366666666665,0.3665158371040724,0.0020894209285382734,16629.193666666666,0.07766003692083312,Pessimistic
Aachen, Germany,2087.1033333333335,447.40366666666665,0.37104072398190047,0.0020894209285382734,17076.59733333333,0.07974945784937139,Pessimistic
Aachen, Germany,2087.1033333333335,447.40366666666665,0.3755656108597285,0.0020894209285382734,17524.000999999997,0.08183887877790964,Pessimistic
Eindhoven, Netherlands,2136.997,453.213,0.38009049773755654,0.002116551109964715,17977.213999999996,0.08395542988787437,Pessimistic
Barcelona, Italy,2168.798,456.916,0.38461538461538464,0.002133844499078,18434.129999999997,0.08608927438695237,Pessimistic
Milan, Italy,2287.04,470.684,0.3891402714932127,0.00219814246864638,18904.814,0.08828741685559875,Pessimistic
Camerino, Italy,2343.024,477.203,0.3936651583710407,0.0022285868660618558,19382.017,0.09051600372166062,Pessimistic
Turin, Italy,2517.2906666666668,497.4945,0.39819004524886875,0.0023233502485064217,19879.5115,0.09283935397016704,Pessimistic
Turin, Italy,2517.2906666666668,497.4945,0.40271493212669685,0.0023233502485064217,20377.006,0.09516270421867347,Pessimistic
Turin, Italy,2517.2906666666668,497.4945,0.4072398190045249,0.0023233502485064217,20874.500500000002,0.0974860544671799,Pessimistic
Turin, Italy,2517.2906666666668,497.4945,0.4117647058823529,0.0023233502485064217,21371.995000000003,0.09980940471568632,Pessimistic
Turin, Italy,2517.2906666666668,497.4945,0.416289592760181,0.0023233502485064217,21869.489500000003,0.10213275496419275,Pessimistic
Turin, Italy,2517.2906666666668,497.4945,0.42081447963800905,0.0023233502485064217,22366.984000000004,0.10445610521269916,Pessimistic
Grenoble, France,2725.5456666666664,522.2166666666667,0.4253393665158371,0.002438805297896148,22889.20066666667,0.10689491051059531,Pessimistic
Grenoble, France,2725.5456666666664,522.2166666666667,0.4298642533936652,0.002438805297896148,23411.41733333334,0.10933371580849147,Pessimistic
Grenoble, France,2725.5456666666664,522.2166666666667,0.4343891402714932,0.002438805297896148,23933.634000000005,0.11177252110638762,Pessimistic
Paris, France,2732.532,523.097,0.43891402714932126,0.0024429165446913756,24456.731000000007,0.114215437651079,Pessimistic
Naples, Italy,2734.2146666666667,523.3093333333334,0.4434389140271493,0.0024439081630967373,24980.04033333334,0.11665934581417574,Pessimistic
Naples, Italy,2734.2146666666667,523.3093333333334,0.4479638009049774,0.0024439081630967373,25503.349666666676,0.11910325397727248,Pessimistic
Naples, Italy,2734.2146666666667,523.3093333333334,0.45248868778280543,0.0024439081630967373,26026.65900000001,0.12154716214036923,Pessimistic
Lyon, France,2755.495,525.991,0.45701357466063347,0.002456431820979209,26552.65000000001,0.12400359396134843,Pessimistic
Lyon, France,2755.495,525.991,0.46153846153846156,0.002456431820979209,27078.64100000001,0.12646002578232765,Pessimistic
Istanbul, Turkey,2772.0865,528.082,0.4660633484162896,0.0024661970050558714,27606.72300000001,0.1289262227873835,Pessimistic
Istanbul, Turkey,2772.0865,528.082,0.47058823529411764,0.0024661970050558714,28134.805000000008,0.13139241979243937,Pessimistic
Gif-sur-Yvette, France,2775.3365,528.492,0.4751131221719457,0.002468111747031687,28663.297000000006,0.13386053153947106,Pessimistic
Gif-sur-Yvette, France,2775.3365,528.492,0.4796380090497738,0.002468111747031687,29191.789000000004,0.13632864328650274,Pessimistic
Trondheim, Norway,2781.117,529.22,0.4841628959276018,0.002471511581564356,29721.009000000005,0.1388001548680671,Pessimistic
London, United Kingdom,2896.227,545.67,0.48868778280542985,0.0025483347657160008,30266.679000000004,0.14134848963378308,Pessimistic
Catanzaro, Italy,3062.931,574.964,0.49321266968325794,0.00268514074483687,30841.643000000004,0.14403363037861996,Pessimistic
Zurich, United Kingdom,3103.572,582.106,0.497737556561086,0.0027184946160351098,31423.749000000003,0.14675212499465506,Pessimistic
Manchester, United Kingdom,3120.658,585.108,0.502262443438914,0.0027325142633799876,32008.857000000004,0.14948463925803504,Pessimistic
Bristol, United Kingdom,3233.36,604.913,0.5067873303167421,0.0028250056410166645,32613.770000000004,0.15230964489905172,Pessimistic
Ankara, Turkey,3282.647,613.574,0.5113122171945701,0.002865453397730184,33227.344000000005,0.15517509829678192,Pessimistic
Stirling, United Kingdom,3339.359,623.54,0.5158371040723982,0.002911995638049655,33850.884000000005,0.15808709393483156,Pessimistic
Rennes, France,3343.2883333333334,624.2303333333333,0.5203619909502263,0.002915219565392675,34475.11433333334,0.16100231350022423,Pessimistic
Rennes, France,3343.2883333333334,624.2303333333333,0.5248868778280543,0.002915219565392675,35099.34466666667,0.1639175330656169,Pessimistic
Rennes, France,3343.2883333333334,624.2303333333333,0.5294117647058824,0.002915219565392675,35723.575000000004,0.16683275263100958,Pessimistic
Glasgow, United Kingdom,3374.324,629.684,0.5339366515837104,0.002940688747072616,36353.259000000005,0.1697734413780822,Pessimistic
Bordeaux, France,3559.596,662.2415,0.5384615384615384,0.0030927356053107426,37015.5005,0.17286617698339293,Pessimistic
Bordeaux, France,3559.596,662.2415,0.5429864253393665,0.0030927356053107426,37677.742,0.17595891258870366,Pessimistic
Talence, France,3564.772,663.151,0.5475113122171946,0.0030969830634253884,38340.893,0.17905589565212904,Pessimistic
Talence, France,3564.772,663.151,0.5520361990950227,0.0030969830634253884,39004.043999999994,0.1821528787155544,Pessimistic
Gujan-Mestras, France,3651.286,678.354,0.5565610859728507,0.003167982629909125,39682.397999999994,0.18532086134546355,Pessimistic
Dublin, Ireland,3653.022,678.659,0.5610859728506787,0.003169407011135037,40361.05699999999,0.18849026835659857,Pessimistic
Orsay, United Kingdom,3656.003,679.183,0.5656108597285068,0.003171854144782177,41040.23999999999,0.19166212250138073,Pessimistic
Barcelona, Spain,3726.68975,691.60425,0.5701357466063348,0.0032298626539702395,41731.84424999999,0.19489198515535097,Pessimistic
Barcelona, Spain,3726.68975,691.60425,0.5746606334841629,0.0032298626539702395,42423.448499999984,0.19812184780932118,Pessimistic
Barcelona, Spain,3726.68975,691.60425,0.579185520361991,0.0032298626539702395,43115.05274999998,0.20135171046329142,Pessimistic
Barcelona, Spain,3726.68975,691.60425,0.583710407239819,0.0032298626539702395,43806.65699999998,0.20458157311726163,Pessimistic
Heraklion, Greece,3813.019,706.7745,0.5882352941176471,0.0033007092746010296,44513.43149999998,0.20788228239186266,Pessimistic
Heraklion, Greece,3813.019,706.7745,0.5927601809954751,0.0033007092746010296,45220.20599999998,0.2111829916664637,Pessimistic
Heraklion, Greece,3813.019,706.7745,0.5972850678733032,0.0033007092746010296,45926.980499999976,0.21448370094106473,Pessimistic
Heraklion, Greece,3813.019,706.7745,0.6018099547511312,0.0033007092746010296,46633.754999999976,0.21778441021566575,Pessimistic
Lleida, Spain,3870.557,716.886,0.6063348416289592,0.003347931014816796,47350.640999999974,0.22113234123048253,Pessimistic
Santander, Spain,4156.838,767.193,0.6108597285067874,0.003582869855249429,48117.83399999997,0.22471521108573195,Pessimistic
Valencia, Spain,4332.492,798.06,0.6153846153846154,0.0037270219054140992,48915.89399999997,0.22844223299114605,Pessimistic
Santiago, Spain,4852.307,889.987,0.6199095022624435,0.004156330406903965,49805.88099999997,0.23259856339805002,Pessimistic
Santiago de Compostela, Spain,4853.704,890.235,0.6244343891402715,0.0041574885922942145,50696.11599999997,0.23675605199034425,Pessimistic
Tel Aviv-Yafo, Israel,5003.465,916.8735,0.6289592760180995,0.004281893114544889,51612.989499999974,0.24103794510488913,Pessimistic
Tel Aviv-Yafo, Israel,5003.465,916.8735,0.6334841628959276,0.004281893114544889,52529.862999999976,0.24531983821943404,Pessimistic
Porto, Portugal,5095.6995,933.279,0.6380090497737556,0.004358508479140623,53463.14199999998,0.24967834669857467,Pessimistic
Porto, Portugal,5095.6995,933.279,0.6425339366515838,0.004358508479140623,54396.42099999998,0.2540368551777153,Pessimistic
Saudi Arabia Street, Egypt,5226.094,956.473,0.6470588235294118,0.0044668268337432525,55352.89399999998,0.2585036820114585,Pessimistic
Lisbon, Portugal,5519.422,1008.6469999999999,0.6515837104072398,0.004710484755319418,56361.540999999976,0.26321416676677795,Pessimistic
Lisbon, Portugal,5519.422,1008.6469999999999,0.6561085972850679,0.004710484755319418,57370.18799999997,0.2679246515220974,Pessimistic
Lisbon, Portugal,5519.422,1008.6469999999999,0.6606334841628959,0.004710484755319418,58378.83499999997,0.27263513627741676,Pessimistic
São Paulo, Portugal,5520.876,1008.906,0.665158371040724,0.004711694311835849,59387.74099999997,0.27734683058925264,Pessimistic
Caparica, Portugal,5536.803,1011.738,0.669683257918552,0.00472492004177612,60399.47899999997,0.28207175063102874,Pessimistic
Reykjavik, Iceland,5542.7939166666665,1012.8040833333333,0.6742081447963801,0.00472989876008844,61412.28308333331,0.2868016493911172,Pessimistic
Reykjavik, Iceland,5542.7939166666665,1012.8040833333333,0.6787330316742082,0.00472989876008844,62425.08716666664,0.29153154815120563,Pessimistic
Reykjavik, Iceland,5542.7939166666665,1012.8040833333333,0.6832579185520362,0.00472989876008844,63437.89124999998,0.2962614469112941,Pessimistic
Reykjavik, Iceland,5542.7939166666665,1012.8040833333333,0.6877828054298643,0.00472989876008844,64450.695333333315,0.3009913456713825,Pessimistic
Reykjavik, Iceland,5542.7939166666665,1012.8040833333333,0.6923076923076923,0.00472989876008844,65463.49941666665,0.305721244431471,Pessimistic
Reykjavik, Iceland,5542.7939166666665,1012.8040833333333,0.6968325791855203,0.00472989876008844,66476.30349999998,0.3104511431915594,Pessimistic
Reykjavik, Iceland,5542.7939166666665,1012.8040833333333,0.7013574660633484,0.00472989876008844,67489.10758333332,0.31518104195164787,Pessimistic
Reykjavik, Iceland,5542.7939166666665,1012.8040833333333,0.7058823529411765,0.00472989876008844,68501.91166666665,0.3199109407117363,Pessimistic
Reykjavik, Iceland,5542.7939166666665,1012.8040833333333,0.7104072398190046,0.00472989876008844,69514.71574999999,0.32464083947182476,Pessimistic
Reykjavik, Iceland,5542.7939166666665,1012.8040833333333,0.7149321266968326,0.00472989876008844,70527.51983333332,0.3293707382319132,Pessimistic
Reykjavik, Iceland,5542.7939166666665,1012.8040833333333,0.7194570135746606,0.00472989876008844,71540.32391666666,0.33410063699200165,Pessimistic
Reykjavik, Iceland,5542.7939166666665,1012.8040833333333,0.7239819004524887,0.00472989876008844,72553.128,0.33883053575209016,Pessimistic
Reykjavik, Iceland,5542.7939166666665,1012.8040833333333,0.7285067873303167,0.00472989876008844,73565.93208333333,0.3435604345121786,Pessimistic
Reykjavik, Iceland,5542.7939166666665,1012.8040833333333,0.7330316742081447,0.00472989876008844,74578.73616666667,0.34829033327226705,Pessimistic
Reykjavik, Iceland,5542.7939166666665,1012.8040833333333,0.7375565610859729,0.00472989876008844,75591.54025,0.3530202320323555,Pessimistic
Reykjavik, Iceland,5542.7939166666665,1012.8040833333333,0.7420814479638009,0.00472989876008844,76604.34433333334,0.35775013079244394,Pessimistic
Reykjavik, Iceland,5542.7939166666665,1012.8040833333333,0.746606334841629,0.00472989876008844,77617.14841666668,0.3624800295525324,Pessimistic
Reykjavik, Iceland,5542.7939166666665,1012.8040833333333,0.751131221719457,0.00472989876008844,78629.95250000001,0.36720992831262084,Pessimistic
Reykjavik, Iceland,5542.7939166666665,1012.8040833333333,0.755656108597285,0.00472989876008844,79642.75658333335,0.3719398270727093,Pessimistic
Reykjavik, Iceland,5542.7939166666665,1012.8040833333333,0.7601809954751131,0.00472989876008844,80655.56066666669,0.3766697258327978,Pessimistic
Reykjavik, Iceland,5542.7939166666665,1012.8040833333333,0.7647058823529411,0.00472989876008844,81668.36475000002,0.38139962459288623,Pessimistic
Reykjavik, Iceland,5542.7939166666665,1012.8040833333333,0.7692307692307693,0.00472989876008844,82681.16883333336,0.3861295233529747,Pessimistic
Reykjavik, Iceland,5542.7939166666665,1012.8040833333333,0.7737556561085973,0.00472989876008844,83693.9729166667,0.3908594221130631,Pessimistic
Reykjavik, Iceland,5542.7939166666665,1012.8040833333333,0.7782805429864253,0.00472989876008844,84706.77700000003,0.3955893208731516,Pessimistic
Thuwal, Saudi Arabia,7393.6485,1246.059,0.7828054298642534,0.0058192231015692895,85952.83600000002,0.4014085439747208,Pessimistic
Thuwal, Saudi Arabia,7393.6485,1246.059,0.7873303167420814,0.0058192231015692895,87198.89500000002,0.4072277670762901,Pessimistic
Thuwal, Saudi Arabia,7393.6485,1246.059,0.7918552036199095,0.0058192231015692895,88444.95400000001,0.41304699017785934,Pessimistic
Thuwal, Saudi Arabia,7393.6485,1246.059,0.7963800904977375,0.0058192231015692895,89691.013,0.41886621327942863,Pessimistic
Sangareddy, India,12416.787,2037.174,0.8009049773755657,0.009513811145954017,91728.187,0.42838002442538264,Pessimistic
Boston, United States,13101.937,2147.717,0.8054298642533937,0.010030058273350692,93875.90400000001,0.4384100826987333,Pessimistic
Cambridge, United States,13105.184,2148.241,0.8099547511312217,0.010032505406997834,96024.145,0.4484425881057312,Pessimistic
Bengaluru, India,13251.794,2171.895,0.8144796380090498,0.01014297200869528,98196.04000000001,0.45858556011442647,Pessimistic
Beijing, United States,13696.5545,2243.654,0.8190045248868778,0.010478093885384515,100439.694,0.4690636539998109,Pessimistic
Beijing, United States,13696.5545,2243.654,0.8235294117647058,0.010478093885384515,102683.348,0.47954174788519544,Pessimistic
Toronto, Canada,13841.8,2267.088,0.8280542986425339,0.010587533064558355,104950.436,0.49012928094975383,Pessimistic
Waterloo, Canada,13996.853,2292.1045,0.832579185520362,0.010704362680748605,107242.5405,0.5008336436305024,Pessimistic
Waterloo, Canada,13996.853,2292.1045,0.8371040723981901,0.010704362680748605,109534.645,0.511538006311251,Pessimistic
Washington, United States,14356.302,2350.099,0.8416289592760181,0.01097520293322779,111884.744,0.5225132092444789,Pessimistic
Bloomington, United States,15375.175,2514.486,0.8461538461538461,0.011742907053175296,114399.23000000001,0.5342561162976541,Pessimistic
Blue Ridge Road, United States,15388.832,2516.689,0.8506787330316742,0.011753195288718522,116915.91900000001,0.5460093115863727,Pessimistic
Changsha, China,15395.246,2517.724,0.8552036199095022,0.011758028844681865,119433.64300000001,0.5577673404310546,Pessimistic
Seoul, South Korea,15481.076,2531.572,0.8597285067873304,0.011822700422440649,121965.21500000001,0.5695900408534952,Pessimistic
Suwon-si, South Korea,15539.1915,2540.9485,0.8642533936651584,0.011866489637407085,124506.16350000001,0.5814565304909023,Pessimistic
Suwon-si, South Korea,15539.1915,2540.9485,0.8687782805429864,0.011866489637407085,127047.11200000001,0.5933230201283093,Pessimistic
Suwon-si, South Korea,15539.1915,2540.9485,0.8733031674208145,0.011866489637407085,129588.0605,0.6051895097657164,Pessimistic
Suwon-si, South Korea,15539.1915,2540.9485,0.8778280542986425,0.011866489637407085,132129.00900000002,0.6170559994031236,Pessimistic
Oak Ridge, United States,15672.864,2562.5155,0.8823529411764706,0.011967209735437391,134691.52450000003,0.629023209138561,Pessimistic
Oak Ridge, United States,15672.864,2562.5155,0.8868778280542986,0.011967209735437391,137254.04000000004,0.6409904188739984,Pessimistic
Cookeville, United States,15784.3965,2580.5105,0.8914027149321267,0.012051248227766195,139834.55050000004,0.6530416671017646,Pessimistic
Cookeville, United States,15784.3965,2580.5105,0.8959276018099548,0.012051248227766195,142415.06100000005,0.6650929153295309,Pessimistic
Murfreesboro, United States,15938.97,2605.449,0.9004524886877828,0.012167713575970806,145020.51000000004,0.6772606289055016,Pessimistic
Atlanta, United States,16079.847,2628.179,0.9049773755656109,0.012273865003069097,147648.68900000004,0.6895344939085708,Pessimistic
Atlanta, United States,16079.847,2628.179,0.9095022624434389,0.012273865003069097,150276.86800000005,0.7018083589116398,Pessimistic
Nomi, Japan,16701.512,2728.479,0.9140271493212669,0.012742276271787029,153005.34700000004,0.7145506351834269,Pessimistic
City and County of Denver, United States,17076.422,2788.968,0.918552036199095,0.013024766094653221,155794.31500000003,0.7275754012780801,Pessimistic
Tokyo, Japan,17165.343,2803.315,0.9230769230769231,0.013091768053499646,158597.63000000003,0.7406671693315797,Pessimistic
Livermore, United States,18773.949,3062.85,0.9276018099547512,0.014303823074703124,161660.48000000004,0.7549709924062828,Pessimistic
Singapore,Singapore,18798.605,3066.828,0.9321266968325792,0.01432240074197092,164727.30800000005,0.7692933931482538,Pessimistic
Cumi Bali Indonesia Restaurant, Singapore,18815.687,3069.584,0.9366515837104072,0.014335271544130307,167796.89200000005,0.7836286646923841,Pessimistic
Los Angeles, United States,19272.5865,3143.3015,0.9411764705882353,0.014679539816330849,170940.19350000005,0.798308204508715,Pessimistic
Los Angeles, United States,19272.5865,3143.3015,0.9457013574660633,0.014679539816330849,174083.49500000005,0.8129877443250458,Pessimistic
Marina del Rey, United States,19303.247,3148.248,0.9502262443438914,0.014702640477753713,177231.74300000005,0.8276903848027996,Pessimistic
Cartago, Costa Rica,20270.1,3304.242,0.9547511312217195,0.015431148428425552,180535.98500000004,0.8431215332312251,Pessimistic
San José, Costa Rica,20278.4845,3305.595,0.9592760180995475,0.015437467076945743,183841.58000000005,0.8585590003081708,Pessimistic
San José, Costa Rica,20278.4845,3305.595,0.9638009049773756,0.015437467076945743,187147.17500000005,0.8739964673851166,Pessimistic
Campinas, Brazil,21252.35,3462.72,0.9683257918552036,0.016171256913409406,190609.89500000005,0.890167724298526,Pessimistic
São Paulo, Brazil,21320.411,3473.701,0.9728506787330317,0.016222539307644616,194083.59600000005,0.9063902636061706,Pessimistic
Santo André, Brazil,21328.188,3474.956,0.9773755656108597,0.016228400286131567,197558.55200000005,0.9226186638923022,Pessimistic
Porto Alegre, Brazil,23022.979,3748.397,0.9819004524886877,0.01750539775103187,201306.94900000005,0.9401240616433341,Pessimistic
Santa Maria, Brazil,23262.515,3787.044,0.9864253393665159,0.017685883197713245,205093.99300000005,0.9578099448410473,Pessimistic
La Plata, Argentina,24657.796,4012.162,0.9909502262443439,0.018737207305302914,209106.15500000006,0.9765471521463502,Pessimistic
Melbourne, Australia,30916.253,5021.913,0.995475113122172,0.023452847853649896,214128.06800000006,1.0000000000000002,Pessimistic
Warsaw, Poland,0.0,0.0,0.0,0.0,0.0,0.0,Optimistic
Warsaw, Poland,0.0,0.0,0.004524886877828055,0.0,0.0,0.0,Optimistic
Warsaw, Poland,0.0,0.0,0.00904977375565611,0.0,0.0,0.0,Optimistic
Warsaw, Poland,0.0,0.0,0.013574660633484163,0.0,0.0,0.0,Optimistic
Warsaw, Poland,0.0,0.0,0.01809954751131222,0.0,0.0,0.0,Optimistic
Warsaw, Poland,0.0,0.0,0.02262443438914027,0.0,0.0,0.0,Optimistic
Warsaw, Poland,0.0,0.0,0.027149321266968326,0.0,0.0,0.0,Optimistic
Warsaw, Poland,0.0,0.0,0.03167420814479638,0.0,0.0,0.0,Optimistic
Warsaw, Poland,0.0,0.0,0.03619909502262444,0.0,0.0,0.0,Optimistic
Warsaw, Poland,0.0,0.0,0.04072398190045249,0.0,0.0,0.0,Optimistic
Warsaw, Poland,0.0,0.0,0.04524886877828054,0.0,0.0,0.0,Optimistic
Warsaw, Poland,0.0,0.0,0.049773755656108594,0.0,0.0,0.0,Optimistic
Warsaw, Poland,0.0,0.0,0.05429864253393665,0.0,0.0,0.0,Optimistic
Warsaw, Poland,0.0,0.0,0.058823529411764705,0.0,0.0,0.0,Optimistic
Warsaw, Poland,0.0,0.0,0.06334841628959276,0.0,0.0,0.0,Optimistic
Nałęczów, Poland,267.87,8.009,0.06787330316742081,7.523493185409815e-05,8.009,7.523493185409815e-05,Optimistic
Lublin, Poland,306.5535,9.166,0.07239819004524888,8.610355667057856e-05,17.175,0.0001613384885246767,Optimistic
Lublin, Poland,306.5535,9.166,0.07692307692307693,8.610355667057856e-05,26.341,0.00024744204519525526,Optimistic
Amsterdam, Poland,306.685,9.17,0.08144796380090498,8.614113186441254e-05,35.511,0.0003335831770596678,Optimistic
Białystok, Poland,352.556,10.541,0.08597285067873303,9.902002955101118e-05,46.05200000000001,0.000432603206610679,Optimistic
Toruń, Poland,368.969,11.032,0.09049773755656108,0.00010363238459413295,57.084,0.0005362355912048119,Optimistic
Częstochowa, Poland,410.293,12.268,0.09502262443438914,0.00011524311948883458,69.352,0.0006514787106936466,Optimistic
Częstochowa, Poland,410.293,12.268,0.09954751131221719,0.00011524311948883458,81.62,0.0007667218301824811,Optimistic
Krakow, Poland,505.9191666666666,15.127,0.10407239819004525,0.00014209998928167597,96.747,0.000908821819464157,Optimistic
Krakow, Poland,505.9191666666666,15.127,0.1085972850678733,0.00014209998928167597,111.874,0.001050921808745833,Optimistic
Krakow, Poland,505.9191666666666,15.127,0.11312217194570136,0.00014209998928167597,127.00099999999999,0.001193021798027509,Optimistic
Krakow, Poland,505.9191666666666,15.127,0.11764705882352941,0.00014209998928167597,142.128,0.0013351217873091847,Optimistic
Krakow, Poland,505.9191666666666,15.127,0.12217194570135746,0.00014209998928167597,157.255,0.0014772217765908608,Optimistic
Krakow, Poland,505.9191666666666,15.127,0.12669683257918551,0.00014209998928167597,172.382,0.0016193217658725368,Optimistic
Krakow, Poland,505.9191666666666,15.127,0.13122171945701358,0.00014209998928167597,187.50900000000001,0.0017614217551542128,Optimistic
Krakow, Poland,505.9191666666666,15.127,0.13574660633484162,0.00014209998928167597,202.63600000000002,0.0019035217444358888,Optimistic
Krakow, Poland,505.9191666666666,15.127,0.14027149321266968,0.00014209998928167597,217.76300000000003,0.002045621733717565,Optimistic
Krakow, Poland,505.9191666666666,15.127,0.14479638009049775,0.00014209998928167597,232.89000000000004,0.002187721722999241,Optimistic
Krakow, Poland,505.9191666666666,15.127,0.1493212669683258,0.00014209998928167597,248.01700000000005,0.002329821712280917,Optimistic
Krakow, Poland,505.9191666666666,15.127,0.15384615384615385,0.00014209998928167597,263.14400000000006,0.002471921701562593,Optimistic
Poznań, Poland,556.807,16.649,0.1583710407239819,0.00015639735053550756,279.79300000000006,0.0026283190520981006,Optimistic
Gdańsk, Poland,569.256,17.021,0.16289592760180996,0.00015989184356206827,296.8140000000001,0.002788210895660169,Optimistic
Wrocław, Poland,607.394,18.161,0.167420814479638,0.0001706007738047542,314.9750000000001,0.002958811669464923,Optimistic
Miskolc, Hungary,918.743,27.47,0.17194570135746606,0.00025804764365489774,342.44500000000005,0.0032168593131198207,Optimistic
Prague, Czechia,1034.387,177.46,0.17647058823529413,0.001667023474444782,519.9050000000001,0.004883882787564603,Optimistic
Berlin, Germany,1035.7253333333333,177.56466666666665,0.18099547511312217,0.001668006692016771,697.4696666666667,0.006551889479581374,Optimistic
Berlin, Germany,1035.7253333333333,177.56466666666665,0.18552036199095023,0.001668006692016771,875.0343333333334,0.008219896171598145,Optimistic
Berlin, Germany,1035.7253333333333,177.56466666666665,0.19004524886877827,0.001668006692016771,1052.5990000000002,0.009887902863614916,Optimistic
Potsdam, Germany,1080.56,181.069,0.19457013574660634,0.0017009256930814955,1233.6680000000001,0.011588828556696412,Optimistic
Budapest, Hungary,1089.672,181.781,0.19909502262443438,0.001707614077583945,1415.449,0.013296442634280356,Optimistic
Budapest, Hungary,1089.672,181.781,0.20361990950226244,0.001707614077583945,1597.23,0.0150040567118643,Optimistic
Magdeburg, Germany,1276.562,196.388,0.2081447963800905,0.0018448292916672028,1793.618,0.016848886003531502,Optimistic
Amsterdam, Germany,1279.365,196.607,0.21266968325791855,0.0018468865335296136,1990.225,0.018695772537061117,Optimistic
Passau, Germany,1342.54,201.544,0.2171945701357466,0.0018932637165192106,2191.769,0.020589036253580325,Optimistic
Hamburg, Germany,1503.946,214.1595,0.22171945701357465,0.002011771180972373,2405.9285,0.0226008074345527,Optimistic
Hamburg, Germany,1503.946,214.1595,0.22624434389140272,0.002011771180972373,2620.088,0.024612578615525075,Optimistic
Erlangen, Germany,1518.323,215.283,0.23076923076923078,0.002022325113540493,2835.371,0.026634903729065566,Optimistic
Linköping, Sweden,1532.287,216.374,0.23529411764705882,0.002032573747658713,3051.745,0.02866747747672428,Optimistic
Hot Little India, Sweden,1623.216,223.481,0.2398190045248869,0.002099335473303247,3275.2259999999997,0.030766812950027523,Optimistic
Dr. med. Dorette Poland, Germany,1626.822,223.763,0.24434389140271492,0.0021019845244685436,3498.9889999999996,0.032868797474496066,Optimistic
Flensburg, Germany,1630.115,224.02,0.248868778280543,0.002104398730672377,3723.0089999999996,0.03497319620516844,Optimistic
Kista, Sweden,1639.653,224.766,0.25339366515837103,0.002111406504322415,3947.7749999999996,0.037084602709490856,Optimistic
Gilching, Germany,1657.161,226.134,0.2579185520361991,0.0021242572206136385,4173.909,0.0392088599301045,Optimistic
Innsbruck, Austria,1766.245,234.66,0.26244343891402716,0.002204348746270779,4408.5689999999995,0.041413208676375275,Optimistic
Darmstadt, Germany,1802.5966,237.5012,0.2669683257918552,0.0022310384064510597,4646.070199999999,0.04364424708282633,Optimistic
Darmstadt, Germany,1802.5966,237.5012,0.27149321266968324,0.0022310384064510597,4883.571399999999,0.04587528548927739,Optimistic
Darmstadt, Germany,1802.5966,237.5012,0.27601809954751133,0.0022310384064510597,5121.072599999999,0.04810632389572844,Optimistic
Darmstadt, Germany,1802.5966,237.5012,0.28054298642533937,0.0022310384064510597,5358.573799999998,0.0503373623021795,Optimistic
Darmstadt, Germany,1802.5966,237.5012,0.2850678733031674,0.0022310384064510597,5596.074999999998,0.05256840070863056,Optimistic
Mainz, Germany,1842.405,240.613,0.2895927601809955,0.0022602700284942087,5836.687999999998,0.05482867073712477,Optimistic
Karlstad, Sweden,1843.311,240.683,0.29411764705882354,0.0022609275943863034,6077.370999999998,0.057089598331511074,Optimistic
Dortmund, Germany,1863.402,242.254,0.2986425339366516,0.0022756852517646013,6319.624999999998,0.059365283583275676,Optimistic
Hagen, Germany,1868.772,242.673,0.3031674208144796,0.0022796212533187114,6562.297999999998,0.061644904836594384,Optimistic
Bochum, Germany,1898.148,244.969,0.3076923076923077,0.0023011894145794193,6807.266999999998,0.0639460942511738,Optimistic
Karlsruhe, Germany,1914.332,246.27633333333333,0.31221719457013575,0.002313470240430827,7053.543333333331,0.06625956449160463,Optimistic
Karlsruhe, Germany,1914.332,246.27633333333333,0.3167420814479638,0.002313470240430827,7299.8196666666645,0.06857303473203545,Optimistic
Karlsruhe, Germany,1914.332,246.27633333333333,0.3212669683257919,0.002313470240430827,7546.095999999998,0.07088650497246628,Optimistic
Grenoble, Germany,1946.368,248.921,0.3257918552036199,0.002338313706087397,7795.016999999998,0.07322481867855368,Optimistic
Reykjavikstraße, Germany,1953.415,249.503,0.33031674208144796,0.002343780896790242,8044.519999999998,0.07556859957534393,Optimistic
Jülich, Germany,2041.37575,256.76525,0.334841628959276,0.002412001009645458,8301.285249999997,0.07798060058498937,Optimistic
Jülich, Germany,2041.37575,256.76525,0.3393665158371041,0.002412001009645458,8558.050499999998,0.08039260159463484,Optimistic
Jülich, Germany,2041.37575,256.76525,0.3438914027149321,0.002412001009645458,8814.815749999998,0.0828046026042803,Optimistic
Jülich, Germany,2041.37575,256.76525,0.34841628959276016,0.002412001009645458,9071.580999999998,0.08521660361392576,Optimistic
Nijmegen, Netherlands,2069.476,259.085,0.35294117647058826,0.002433792273619555,9330.665999999997,0.08765039588754531,Optimistic
Zurich, Switzerland,2085.9125,260.442,0.3574660633484163,0.002446539658127735,9591.107999999997,0.09009693554567304,Optimistic
Zurich, Switzerland,2085.9125,260.442,0.36199095022624433,0.002446539658127735,9851.549999999996,0.09254347520380075,Optimistic
Aachen, Germany,2087.1033333333335,260.54066666666665,0.3665158371040724,0.0024474665129089732,10112.090666666661,0.09499094171670973,Optimistic
Aachen, Germany,2087.1033333333335,260.54066666666665,0.37104072398190047,0.0024474665129089732,10372.631333333327,0.09743840822961869,Optimistic
Aachen, Germany,2087.1033333333335,260.54066666666665,0.3755656108597285,0.0024474665129089732,10633.171999999993,0.09988587474252765,Optimistic
Eindhoven, Netherlands,2136.997,264.66,0.38009049773755654,0.0024861627000256734,10897.831999999993,0.10237203744255333,Optimistic
Barcelona, Italy,2168.798,267.285,0.38461538461538464,0.0025108214209792266,11165.116999999993,0.10488285886353255,Optimistic
Milan, Italy,2287.04,277.048,0.3891402714932127,0.002602533075329527,11442.164999999994,0.10748539193886208,Optimistic
Camerino, Italy,2343.024,281.67,0.3936651583710407,0.002645951211804698,11723.834999999994,0.11013134315066679,Optimistic
Turin, Italy,2517.2906666666668,296.0575,0.39819004524886875,0.002781104487126316,12019.892499999994,0.11291244763779311,Optimistic
Turin, Italy,2517.2906666666668,296.0575,0.40271493212669685,0.002781104487126316,12315.949999999995,0.11569355212491943,Optimistic
Turin, Italy,2517.2906666666668,296.0575,0.4072398190045249,0.002781104487126316,12612.007499999996,0.11847465661204576,Optimistic
Turin, Italy,2517.2906666666668,296.0575,0.4117647058823529,0.002781104487126316,12908.064999999997,0.12125576109917208,Optimistic
Turin, Italy,2517.2906666666668,296.0575,0.416289592760181,0.002781104487126316,13204.122499999998,0.1240368655862984,Optimistic
Turin, Italy,2517.2906666666668,296.0575,0.42081447963800905,0.002781104487126316,13500.179999999998,0.1268179700734247,Optimistic
Grenoble, France,2725.5456666666664,313.2513333333333,0.4253393665158371,0.0029426198921886273,13813.431333333332,0.12976058996561335,Optimistic
Grenoble, France,2725.5456666666664,313.2513333333333,0.4298642533936652,0.0029426198921886273,14126.682666666666,0.13270320985780198,Optimistic
Grenoble, France,2725.5456666666664,313.2513333333333,0.4343891402714932,0.0029426198921886273,14439.934,0.13564582974999062,Optimistic
Paris, France,2732.532,313.828,0.43891402714932126,0.002948036982633027,14753.761999999999,0.13859386673262364,Optimistic
Naples, Italy,2734.2146666666667,313.967,0.4434389140271493,0.002949342720618758,15067.729,0.1415432094532424,Optimistic
Naples, Italy,2734.2146666666667,313.967,0.4479638009049774,0.002949342720618758,15381.696,0.14449255217386117,Optimistic
Naples, Italy,2734.2146666666667,313.967,0.45248868778280543,0.002949342720618758,15695.663,0.14744189489447992,Optimistic
Lyon, France,2755.495,315.724,0.45701357466063347,0.0029658476245103364,16011.387,0.15040774251899028,Optimistic
Lyon, France,2755.495,315.724,0.46153846153846156,0.0029658476245103364,16327.111,0.1533735901435006,Optimistic
Istanbul, Turkey,2772.0865,317.094,0.4660633484162896,0.0029787171283984764,16644.205,0.15635230727189908,Optimistic
Istanbul, Turkey,2772.0865,317.094,0.47058823529411764,0.0029787171283984764,16961.299000000003,0.15933102440029756,Optimistic
Gif-sur-Yvette, France,2775.3365,317.362,0.4751131221719457,0.0029812346663853537,17278.661000000004,0.16231225906668292,Optimistic
Gif-sur-Yvette, France,2775.3365,317.362,0.4796380090497738,0.0029812346663853537,17596.023000000005,0.1652934937330683,Optimistic
Trondheim, Norway,2781.117,317.839,0.4841628959276018,0.0029857155082500565,17913.862000000005,0.16827920924131837,Optimistic
London, United Kingdom,2896.227,327.343,0.48868778280542985,0.003074994168799607,18241.205000000005,0.17135420341011798,Optimistic
Catanzaro, Italy,3062.931,341.106,0.49321266968325794,0.0032042810169838933,18582.311000000005,0.17455848442710187,Optimistic
Zurich, United Kingdom,3103.572,344.462,0.497737556561086,0.0032358066046106076,18926.773000000005,0.17779429103171246,Optimistic
Manchester, United Kingdom,3120.658,345.872,0.502262443438914,0.0032490518604370877,19272.645000000004,0.18104334289214954,Optimistic
Bristol, United Kingdom,3233.36,355.177,0.5067873303167421,0.0033364611550933975,19627.822000000004,0.18437980404724294,Optimistic
Ankara, Turkey,3282.647,359.246,0.5113122171945701,0.003374684521021019,19987.068000000003,0.18775448856826396,Optimistic
Stirling, United Kingdom,3339.359,363.929,0.5158371040723982,0.003418675679202158,20350.997000000003,0.1911731642474661,Optimistic
Rennes, France,3343.2883333333334,364.253,0.5203619909502263,0.003421719269902711,20715.250000000004,0.19459488351736884,Optimistic
Rennes, France,3343.2883333333334,364.253,0.5248868778280543,0.003421719269902711,21079.503000000004,0.19801660278727154,Optimistic
Rennes, France,3343.2883333333334,364.253,0.5294117647058824,0.003421719269902711,21443.756000000005,0.20143832205717427,Optimistic
Glasgow, United Kingdom,3374.324,366.815,0.5339366515837104,0.003445786181553379,21810.571000000004,0.20488410823872763,Optimistic
Bordeaux, France,3559.596,382.112,0.5384615384615384,0.0035894831165729996,22192.683000000005,0.20847359135530064,Optimistic
Bordeaux, France,3559.596,382.112,0.5429864253393665,0.0035894831165729996,22574.795000000006,0.21206307447187364,Optimistic
Talence, France,3564.772,382.539,0.5475113122171946,0.0035934942685147773,22957.334000000006,0.21565656874038844,Optimistic
Talence, France,3564.772,382.539,0.5520361990950227,0.0035934942685147773,23339.873000000007,0.2192500630089032,Optimistic
Gujan-Mestras, France,3651.286,389.682,0.5565610859728507,0.0036605941709038177,23729.555000000008,0.22291065717980704,Optimistic
Dublin, Ireland,3653.022,389.825,0.5610859728506787,0.0036619374840833824,24119.38000000001,0.22657259466389043,Optimistic
Orsay, United Kingdom,3656.003,390.071,0.5656108597285068,0.0036642483585041727,24509.45100000001,0.2302368430223946,Optimistic
Barcelona, Spain,3726.68975,395.90725,0.5701357466063348,0.0037190729147575726,24905.35825000001,0.23395591593715218,Optimistic
Barcelona, Spain,3726.68975,395.90725,0.5746606334841629,0.0037190729147575726,25301.26550000001,0.23767498885190974,Optimistic
Barcelona, Spain,3726.68975,395.90725,0.579185520361991,0.0037190729147575726,25697.17275000001,0.24139406176666733,Optimistic
Barcelona, Spain,3726.68975,395.90725,0.583710407239819,0.0037190729147575726,26093.08000000001,0.2451131346814249,Optimistic
Heraklion, Greece,3813.019,402.98575,0.5882352941176471,0.00378556691714604,26496.06575000001,0.24889870159857094,Optimistic
Heraklion, Greece,3813.019,402.98575,0.5927601809954751,0.00378556691714604,26899.05150000001,0.25268426851571696,Optimistic
Heraklion, Greece,3813.019,402.98575,0.5972850678733032,0.00378556691714604,27302.03725000001,0.256469835432863,Optimistic
Heraklion, Greece,3813.019,402.98575,0.6018099547511312,0.00378556691714604,27705.02300000001,0.26025540235000905,Optimistic
Lleida, Spain,3870.557,406.927,0.6063348416289592,0.0038225902253205893,28111.950000000008,0.26407799257532966,Optimistic
Santander, Spain,4156.838,426.538,0.6108597285067874,0.004006812006890163,28538.48800000001,0.2680848045822198,Optimistic
Valencia, Spain,4332.492,438.571,0.6153846153846154,0.004119847583741251,28977.05900000001,0.27220465216596107,Optimistic
Santiago, Spain,4852.307,500.816,0.6199095022624435,0.0047045645687903625,29477.875000000007,0.2769092167347514,Optimistic
Santiago de Compostela, Spain,4853.704,500.887,0.6244343891402715,0.004705231528480916,29978.762000000006,0.2816144482632323,Optimistic
Tel Aviv-Yafo, Israel,5003.465,508.4505,0.6289592760180995,0.0047762815231217545,30487.212500000005,0.28639072978635405,Optimistic
Tel Aviv-Yafo, Israel,5003.465,508.4505,0.6334841628959276,0.0047762815231217545,30995.663000000004,0.2911670113094758,Optimistic
Porto, Portugal,5095.6995,513.109,0.6380090497737556,0.00482004253324066,31508.772000000004,0.29598705384271645,Optimistic
Porto, Portugal,5095.6995,513.109,0.6425339366515838,0.00482004253324066,32021.881000000005,0.30080709637595715,Optimistic
Saudi Arabia Street, Egypt,5226.094,519.694,0.6470588235294118,0.004881900696089859,32541.575000000004,0.305688997072047,Optimistic
Lisbon, Portugal,5519.422,534.5083333333333,0.6515837104072398,0.005021063557720178,33076.083333333336,0.31071006062976714,Optimistic
Lisbon, Portugal,5519.422,534.5083333333333,0.6561085972850679,0.005021063557720178,33610.59166666667,0.3157311241874873,Optimistic
Lisbon, Portugal,5519.422,534.5083333333333,0.6606334841628959,0.005021063557720178,34145.1,0.3207521877452075,Optimistic
São Paulo, Portugal,5520.876,534.582,0.665158371040724,0.005021755567539954,34679.682,0.32577394331274745,Optimistic
Caparica, Portugal,5536.803,535.386,0.669683257918552,0.005029308181500585,35215.068,0.330803251494248,Optimistic
Reykjavik, Iceland,5542.7939166666665,535.6887916666667,0.6742081447963801,0.005032152545392165,35750.75679166667,0.3358354040396402,Optimistic
Reykjavik, Iceland,5542.7939166666665,535.6887916666667,0.6787330316742082,0.005032152545392165,36286.445583333334,0.34086755658503237,Optimistic
Reykjavik, Iceland,5542.7939166666665,535.6887916666667,0.6832579185520362,0.005032152545392165,36822.134375,0.3458997091304245,Optimistic
Reykjavik, Iceland,5542.7939166666665,535.6887916666667,0.6877828054298643,0.005032152545392165,37357.82316666667,0.3509318616758167,Optimistic
Reykjavik, Iceland,5542.7939166666665,535.6887916666667,0.6923076923076923,0.005032152545392165,37893.511958333336,0.3559640142212089,Optimistic
Reykjavik, Iceland,5542.7939166666665,535.6887916666667,0.6968325791855203,0.005032152545392165,38429.20075,0.360996166766601,Optimistic
Reykjavik, Iceland,5542.7939166666665,535.6887916666667,0.7013574660633484,0.005032152545392165,38964.88954166667,0.3660283193119932,Optimistic
Reykjavik, Iceland,5542.7939166666665,535.6887916666667,0.7058823529411765,0.005032152545392165,39500.57833333334,0.3710604718573854,Optimistic
Reykjavik, Iceland,5542.7939166666665,535.6887916666667,0.7104072398190046,0.005032152545392165,40036.267125000006,0.3760926244027776,Optimistic
Reykjavik, Iceland,5542.7939166666665,535.6887916666667,0.7149321266968326,0.005032152545392165,40571.95591666667,0.3811247769481697,Optimistic
Reykjavik, Iceland,5542.7939166666665,535.6887916666667,0.7194570135746606,0.005032152545392165,41107.64470833334,0.3861569294935619,Optimistic
Reykjavik, Iceland,5542.7939166666665,535.6887916666667,0.7239819004524887,0.005032152545392165,41643.33350000001,0.3911890820389541,Optimistic
Reykjavik, Iceland,5542.7939166666665,535.6887916666667,0.7285067873303167,0.005032152545392165,42179.022291666675,0.3962212345843462,Optimistic
Reykjavik, Iceland,5542.7939166666665,535.6887916666667,0.7330316742081447,0.005032152545392165,42714.71108333334,0.4012533871297384,Optimistic
Reykjavik, Iceland,5542.7939166666665,535.6887916666667,0.7375565610859729,0.005032152545392165,43250.39987500001,0.4062855396751306,Optimistic
Reykjavik, Iceland,5542.7939166666665,535.6887916666667,0.7420814479638009,0.005032152545392165,43786.08866666668,0.4113176922205228,Optimistic
Reykjavik, Iceland,5542.7939166666665,535.6887916666667,0.746606334841629,0.005032152545392165,44321.777458333345,0.4163498447659149,Optimistic
Reykjavik, Iceland,5542.7939166666665,535.6887916666667,0.751131221719457,0.005032152545392165,44857.46625000001,0.4213819973113071,Optimistic
Reykjavik, Iceland,5542.7939166666665,535.6887916666667,0.755656108597285,0.005032152545392165,45393.15504166668,0.4264141498566993,Optimistic
Reykjavik, Iceland,5542.7939166666665,535.6887916666667,0.7601809954751131,0.005032152545392165,45928.84383333335,0.4314463024020914,Optimistic
Reykjavik, Iceland,5542.7939166666665,535.6887916666667,0.7647058823529411,0.005032152545392165,46464.532625000014,0.4364784549474836,Optimistic
Reykjavik, Iceland,5542.7939166666665,535.6887916666667,0.7692307692307693,0.005032152545392165,47000.22141666668,0.4415106074928758,Optimistic
Reykjavik, Iceland,5542.7939166666665,535.6887916666667,0.7737556561085973,0.005032152545392165,47535.91020833335,0.4465427600382679,Optimistic
Reykjavik, Iceland,5542.7939166666665,535.6887916666667,0.7782805429864253,0.005032152545392165,48071.59900000002,0.4515749125836601,Optimistic
Thuwal, Saudi Arabia,7393.6485,684.61125,0.7828054298642534,0.006431100104919335,48756.21025000002,0.4580060126885795,Optimistic
Thuwal, Saudi Arabia,7393.6485,684.61125,0.7873303167420814,0.006431100104919335,49440.82150000002,0.4644371127934988,Optimistic
Thuwal, Saudi Arabia,7393.6485,684.61125,0.7918552036199095,0.006431100104919335,50125.43275000002,0.4708682128984182,Optimistic
Thuwal, Saudi Arabia,7393.6485,684.61125,0.7963800904977375,0.006431100104919335,50810.04400000002,0.4772993130033375,Optimistic
Sangareddy, India,12416.787,973.579,0.8009049773755657,0.009145604909424525,51783.62300000002,0.486444917912762,Optimistic
Boston, United States,13101.937,1000.828,0.8054298642533937,0.009401576523620095,52784.45100000002,0.4958464944363821,Optimistic
Cambridge, United States,13105.184,1000.957,0.8099547511312217,0.009402788323621241,53785.408000000025,0.5052492827600034,Optimistic
Bengaluru, India,13251.794,1006.788,0.8144796380090498,0.009457563562432734,54792.196000000025,0.5147068463224361,Optimistic
Beijing, United States,13696.5545,1033.248,0.8190045248868778,0.009706123469644551,55825.444000000025,0.5244129697920807,Optimistic
Beijing, United States,13696.5545,1033.248,0.8235294117647058,0.009706123469644551,56858.692000000025,0.5341190932617252,Optimistic
Toronto, Canada,13841.8,1042.532,0.8280542986425339,0.00979333549453323,57901.224000000024,0.5439124287562584,Optimistic
Waterloo, Canada,13996.853,1052.443,0.832579185520362,0.009886437431055389,58953.66700000002,0.5537988661873139,Optimistic
Waterloo, Canada,13996.853,1052.443,0.8371040723981901,0.009886437431055389,60006.11000000002,0.5636853036183692,Optimistic
Washington, United States,14356.302,1075.419,0.8416289592760181,0.010102269344437805,61081.529000000024,0.573787572962807,Optimistic
Bloomington, United States,15375.175,1138.171,0.8461538461538461,0.010691748985305375,62219.700000000026,0.5844793219481125,Optimistic
Blue Ridge Road, United States,15388.832,1138.808,0.8506787330316742,0.010697732834923437,63358.50800000002,0.5951770547830358,Optimistic
Changsha, China,15395.246,1139.107,0.8552036199095022,0.010700541580662526,64497.61500000002,0.6058775963636983,Optimistic
Seoul, South Korea,15481.076,1143.106,0.8597285067873304,0.010738107380698055,65640.72100000002,0.6166157037443964,Optimistic
Suwon-si, South Korea,15539.1915,1145.814,0.8642533936651584,0.010763545786923663,66786.53500000002,0.6273792495313201,Optimistic
Suwon-si, South Korea,15539.1915,1145.814,0.8687782805429864,0.010763545786923663,67932.34900000002,0.6381427953182437,Optimistic
Suwon-si, South Korea,15539.1915,1145.814,0.8733031674208145,0.010763545786923663,69078.16300000002,0.6489063411051673,Optimistic
Suwon-si, South Korea,15539.1915,1145.814,0.8778280542986425,0.010763545786923663,70223.97700000001,0.6596698868920909,Optimistic
Oak Ridge, United States,15672.864,1152.0425,0.8823529411764706,0.010822055060622409,71376.01950000001,0.6704919419527133,Optimistic
Oak Ridge, United States,15672.864,1152.0425,0.8868778280542986,0.010822055060622409,72528.062,0.6813139970133357,Optimistic
Cookeville, United States,15784.3965,1157.2395,0.8914027149321267,0.010870874631211213,73685.3015,0.6921848716445469,Optimistic
Cookeville, United States,15784.3965,1157.2395,0.8959276018099548,0.010870874631211213,74842.541,0.7030557462757581,Optimistic
Murfreesboro, United States,15938.97,1164.442,0.9004524886877828,0.010938533464608534,76006.983,0.7139942797403666,Optimistic
Atlanta, United States,16079.847,1171.006,0.9049773755656109,0.011000194357690106,77177.98899999999,0.7249944740980566,Optimistic
Atlanta, United States,16079.847,1171.006,0.9095022624434389,0.011000194357690106,78348.99499999998,0.7359946684557467,Optimistic
Nomi, Japan,16701.512,1199.973,0.9140271493212669,0.011272304517637373,79548.96799999998,0.7472669729733841,Optimistic
City and County of Denver, United States,17076.422,1217.442,0.918552036199095,0.011436404782908848,80766.40999999997,0.7587033777562928,Optimistic
Tokyo, Japan,17165.343,1222.089,0.9230769230769231,0.01148005776434548,81988.49899999998,0.7701834355206384,Optimistic
Livermore, United States,18773.949,1333.076,0.9276018099547512,0.012522647273858626,83321.57499999998,0.782706082794497,Optimistic
Singapore,Singapore,18798.605,1334.777,0.9321266968325792,0.01253862612503653,84656.35199999998,0.7952447089195336,Optimistic
Cumi Bali Indonesia Restaurant, Singapore,18815.687,1335.956,0.9366515837104072,0.012549701413419096,85992.30799999999,0.8077944103329527,Optimistic
Los Angeles, United States,19272.5865,1372.9915,0.9411764705882353,0.012897605436228744,87365.2995,0.8206920157691815,Optimistic
Los Angeles, United States,19272.5865,1372.9915,0.9457013574660633,0.012897605436228744,88738.291,0.8335896212054102,Optimistic
Marina del Rey, United States,19303.247,1375.858,0.9502262443438914,0.012924532759510022,90114.14899999999,0.8465141539649202,Optimistic
Cartago, Costa Rica,20270.1,1466.255,0.9547511312217195,0.013773703958762727,91580.404,0.860287857923683,Optimistic
San José, Costa Rica,20278.4845,1467.0385,0.9592760180995475,0.01378106399985496,93047.44249999999,0.8740689219235379,Optimistic
San José, Costa Rica,20278.4845,1467.0385,0.9638009049773756,0.01378106399985496,94514.48099999999,0.8878499859233928,Optimistic
Campinas, Brazil,21252.35,1547.207,0.9683257918552036,0.014534150731574933,96061.68799999998,0.9023841366549678,Optimistic
São Paulo, Brazil,21320.411,1551.646,0.9728506787330317,0.014575849802932198,97613.33399999997,0.9169599864578999,Optimistic
Santo André, Brazil,21328.188,1552.153,0.9773755656108597,0.014580612458750655,99165.48699999998,0.9315405989166505,Optimistic
Porto Alegre, Brazil,23022.979,1662.68,0.9819004524886877,0.015618880820972895,100828.16699999997,0.9471594797376234,Optimistic
Santa Maria, Brazil,23262.515,1678.302,0.9864253393665159,0.015765630740491525,102506.46899999997,0.9629251104781149,Optimistic
La Plata, Argentina,24657.796,1769.296,0.9909502262443439,0.01662041003742395,104275.76499999997,0.9795455205155388,Optimistic
Melbourne, Australia,30916.253,2177.445,0.995475113122172,0.020454479484460827,106453.20999999998,0.9999999999999998,Optimistic
